0,1,2,3,4,5,6,7,8,9,10
04705cfd-3787-48e7-8d5a-19d555073528,77615a62-9974-4c81-8dbc-5cb7502b8551,389db991-dbc7-4e80-a72d-97b4368db1fe,bce71e19-9e33-4326-b8fe-3ad3b6be22f0,c737aa4a-2ca7-46ed-83b5-4d7a2492a7c2,d53a8da2-c7da-40cf-b3f3-0f143d798b38,779a995c-a7fa-4b63-8a81-9fe7206ee708,e389a632-6776-48fb-8ee9-22bb65e3d2cd,950b2de7-d1e4-4505-aa96-902be43655ba,5fba5c36-eb01-49b5-8048-4de95bd603a3,3468b991-7a90-4f81-9139-f4585d649e6a
08df38e7-b9ec-40d1-8652-b1857959a6c7,a63e6333-b3b8-4487-b3ae-7c8c5e3092e8,24af0746-d902-450e-b0b5-98ab28db8c2d,ceb07d7a-1e7e-4078-a4cc-fbfe2712459c,27c0c74b-d03c-476c-a8e0-01d2546fc894,ec366e16-681d-4621-ac33-56536ce237a1,00c19c25-bd0d-4355-8d84-e465f3f3eadd,a06b89bb-b603-4ac5-9aa6-d9ebddc856f2,94e953b8-4c64-4475-accb-335b1a120e48,3b1e8df1-735a-478b-8fbb-344dc3caebdd,3468b991-7a90-4f81-9139-f4585d649e6a
0b21c8b2-3b48-4c1f-bdf6-edcd9afa70c3,56d4d948-7aa3-4bed-9860-f92420c4eea4,28a550a8-cbca-45e8-ab9e-9ca5a0fe1385,34bddec3-99c6-401a-aa68-52b51c78ea24,ceb07d7a-1e7e-4078-a4cc-fbfe2712459c,5c03f3f9-53c2-4455-b538-251e4c9a86ae,5b1670ab-243f-4cc8-b3cd-45b794d3df87,36738a0a-1d85-4d0f-ae36-38460236544c,27a3448a-5084-478b-a86b-2fce484b8a0f,ee127828-041a-483e-836b-662b26b9cadb,90eaa4df-1e72-4daa-902a-cce80f43afbe
12ebc03a-5316-4c28-988a-803ed0ad7d60,34bddec3-99c6-401a-aa68-52b51c78ea24,5b1670ab-243f-4cc8-b3cd-45b794d3df87,5c03f3f9-53c2-4455-b538-251e4c9a86ae,812a6cfd-d323-449c-85d5-d6a6c3af5068,3b83bf74-6f50-4d36-b679-f2ce1192a2eb,9be2e818-3654-4047-891c-9951deb4433d,fe1fe4e8-5473-455e-8806-cfb9f1ddab07,4cf41c29-3985-4b1c-aefe-b53a4356ceda,851f0002-03f6-4e95-9e5f-e698aa481831,499d151a-e21e-4bc8-a7c9-6e3fbf567bd0
13dc7043-91e6-4ae7-aa12-cb4aba09b7bf,8c34a1a3-98eb-4ce0-952a-af6492891d09,5b1670ab-243f-4cc8-b3cd-45b794d3df87,5c03f3f9-53c2-4455-b538-251e4c9a86ae,812a6cfd-d323-449c-85d5-d6a6c3af5068,24a79746-db66-4c30-a6f7-e09cf0b1d7cd,3b83bf74-6f50-4d36-b679-f2ce1192a2eb,34bddec3-99c6-401a-aa68-52b51c78ea24,27c0c74b-d03c-476c-a8e0-01d2546fc894,94e953b8-4c64-4475-accb-335b1a120e48,38691e1c-165f-4be6-949d-458c97911a66
1663d15d-1d23-4c4b-b219-e8109451cd57,950b2de7-d1e4-4505-aa96-902be43655ba,779a995c-a7fa-4b63-8a81-9fe7206ee708,ee127828-041a-483e-836b-662b26b9cadb,27a3448a-5084-478b-a86b-2fce484b8a0f,5b1670ab-243f-4cc8-b3cd-45b794d3df87,5c03f3f9-53c2-4455-b538-251e4c9a86ae,ec366e16-681d-4621-ac33-56536ce237a1,d53a8da2-c7da-40cf-b3f3-0f143d798b38,9be2e818-3654-4047-891c-9951deb4433d,812a6cfd-d323-449c-85d5-d6a6c3af5068
1b6f6bfa-a78f-4df4-9bd6-526fe11a6d30,499d151a-e21e-4bc8-a7c9-6e3fbf567bd0,851f0002-03f6-4e95-9e5f-e698aa481831,15853300-5031-46dd-b161-ef3c908f68b7,34bddec3-99c6-401a-aa68-52b51c78ea24,8c34a1a3-98eb-4ce0-952a-af6492891d09,7d117aee-e1e8-463c-a583-ad811c707c42,d161b08e-d409-40ff-aa8b-a11572ad8585,27a3448a-5084-478b-a86b-2fce484b8a0f,5b1670ab-243f-4cc8-b3cd-45b794d3df87,5c03f3f9-53c2-4455-b538-251e4c9a86ae
20338313-e140-492c-bd90-0fd300b2ddf9,24af0746-d902-450e-b0b5-98ab28db8c2d,ceb07d7a-1e7e-4078-a4cc-fbfe2712459c,ec366e16-681d-4621-ac33-56536ce237a1,a63e6333-b3b8-4487-b3ae-7c8c5e3092e8,a06b89bb-b603-4ac5-9aa6-d9ebddc856f2,00c19c25-bd0d-4355-8d84-e465f3f3eadd,811f0600-5fde-40ee-a6de-316bae296eef,27c0c74b-d03c-476c-a8e0-01d2546fc894,96804549-307a-4854-a04a-18fecc4379fb,ad8d3a6f-729d-40f7-879c-36409fcbcbbd
29c7f5cd-404e-4c61-9249-caccaa960aae,ec366e16-681d-4621-ac33-56536ce237a1,ceb07d7a-1e7e-4078-a4cc-fbfe2712459c,24af0746-d902-450e-b0b5-98ab28db8c2d,4cf41c29-3985-4b1c-aefe-b53a4356ceda,a63e6333-b3b8-4487-b3ae-7c8c5e3092e8,a06b89bb-b603-4ac5-9aa6-d9ebddc856f2,00c19c25-bd0d-4355-8d84-e465f3f3eadd,ee127828-041a-483e-836b-662b26b9cadb,ad8d3a6f-729d-40f7-879c-36409fcbcbbd,5c03f3f9-53c2-4455-b538-251e4c9a86ae
2f53cab1-857d-436b-8e67-a1b8c96d5f4e,bc2f1dd9-7f6f-48e3-9112-b9f805232465,96804549-307a-4854-a04a-18fecc4379fb,a63e6333-b3b8-4487-b3ae-7c8c5e3092e8,d67dde41-65ec-4cfa-9921-89522f0a253c,4b2b152b-dcd6-4048-9855-a64a3dff57a4,ec366e16-681d-4621-ac33-56536ce237a1,38691e1c-165f-4be6-949d-458c97911a66,950b2de7-d1e4-4505-aa96-902be43655ba,4cf41c29-3985-4b1c-aefe-b53a4356ceda,9be2e818-3654-4047-891c-9951deb4433d
254ae032-7119-42ea-913f-99bbe1ee9272,2ef81bbd-3ea1-4893-b937-0fdf94d60756,34bddec3-99c6-401a-aa68-52b51c78ea24,5fba5c36-eb01-49b5-8048-4de95bd603a3,3468b991-7a90-4f81-9139-f4585d649e6a,27a3448a-5084-478b-a86b-2fce484b8a0f,90eaa4df-1e72-4daa-902a-cce80f43afbe,8c34a1a3-98eb-4ce0-952a-af6492891d09,811f0600-5fde-40ee-a6de-316bae296eef,812a6cfd-d323-449c-85d5-d6a6c3af5068,3b83bf74-6f50-4d36-b679-f2ce1192a2eb
2cf0ada1-0ae1-47c7-b58a-8ce70f69bad7,fe1fe4e8-5473-455e-8806-cfb9f1ddab07,ee127828-041a-483e-836b-662b26b9cadb,3468b991-7a90-4f81-9139-f4585d649e6a,90eaa4df-1e72-4daa-902a-cce80f43afbe,27a3448a-5084-478b-a86b-2fce484b8a0f,5b1670ab-243f-4cc8-b3cd-45b794d3df87,5c03f3f9-53c2-4455-b538-251e4c9a86ae,24a79746-db66-4c30-a6f7-e09cf0b1d7cd,9be2e818-3654-4047-891c-9951deb4433d,779a995c-a7fa-4b63-8a81-9fe7206ee708
3634054f-6d99-4833-881b-2e36d0735517,36738a0a-1d85-4d0f-ae36-38460236544c,90eaa4df-1e72-4daa-902a-cce80f43afbe,28a550a8-cbca-45e8-ab9e-9ca5a0fe1385,811f0600-5fde-40ee-a6de-316bae296eef,3468b991-7a90-4f81-9139-f4585d649e6a,ceb07d7a-1e7e-4078-a4cc-fbfe2712459c,ee127828-041a-483e-836b-662b26b9cadb,2ef81bbd-3ea1-4893-b937-0fdf94d60756,a63e6333-b3b8-4487-b3ae-7c8c5e3092e8,24a79746-db66-4c30-a6f7-e09cf0b1d7cd
3b0ffa47-ca1a-493b-b406-3e1331d47f0b,96804549-307a-4854-a04a-18fecc4379fb,a63e6333-b3b8-4487-b3ae-7c8c5e3092e8,d67dde41-65ec-4cfa-9921-89522f0a253c,38691e1c-165f-4be6-949d-458c97911a66,bc2f1dd9-7f6f-48e3-9112-b9f805232465,4130a8c3-89cd-4bdf-8abb-4082823fc69d,ec366e16-681d-4621-ac33-56536ce237a1,8d83922f-367a-454b-94ef-a095a0371f8c,24af0746-d902-450e-b0b5-98ab28db8c2d,27a3448a-5084-478b-a86b-2fce484b8a0f
3b1c5ddc-aa15-498b-ba4d-4b7bc5d71ae4,ceb07d7a-1e7e-4078-a4cc-fbfe2712459c,24af0746-d902-450e-b0b5-98ab28db8c2d,ec366e16-681d-4621-ac33-56536ce237a1,00c19c25-bd0d-4355-8d84-e465f3f3eadd,a63e6333-b3b8-4487-b3ae-7c8c5e3092e8,ad8d3a6f-729d-40f7-879c-36409fcbcbbd,94e953b8-4c64-4475-accb-335b1a120e48,4130a8c3-89cd-4bdf-8abb-4082823fc69d,a06b89bb-b603-4ac5-9aa6-d9ebddc856f2,27c0c74b-d03c-476c-a8e0-01d2546fc894
3cfb443b-05f2-496f-9762-c0fb8b44336f,a06b89bb-b603-4ac5-9aa6-d9ebddc856f2,ceb07d7a-1e7e-4078-a4cc-fbfe2712459c,94e953b8-4c64-4475-accb-335b1a120e48,00c19c25-bd0d-4355-8d84-e465f3f3eadd,ec366e16-681d-4621-ac33-56536ce237a1,24af0746-d902-450e-b0b5-98ab28db8c2d,a63e6333-b3b8-4487-b3ae-7c8c5e3092e8,27c0c74b-d03c-476c-a8e0-01d2546fc894,4cf41c29-3985-4b1c-aefe-b53a4356ceda,ad8d3a6f-729d-40f7-879c-36409fcbcbbd
45908633-b593-4843-b1e3-41897055d47f,24a79746-db66-4c30-a6f7-e09cf0b1d7cd,8c34a1a3-98eb-4ce0-952a-af6492891d09,3b1e8df1-735a-478b-8fbb-344dc3caebdd,94e953b8-4c64-4475-accb-335b1a120e48,56d4d948-7aa3-4bed-9860-f92420c4eea4,27c0c74b-d03c-476c-a8e0-01d2546fc894,ad8d3a6f-729d-40f7-879c-36409fcbcbbd,00c19c25-bd0d-4355-8d84-e465f3f3eadd,a06b89bb-b603-4ac5-9aa6-d9ebddc856f2,36738a0a-1d85-4d0f-ae36-38460236544c
3dce0fdc-d860-4861-aa24-d50559f90072,94e953b8-4c64-4475-accb-335b1a120e48,3b1e8df1-735a-478b-8fbb-344dc3caebdd,27c0c74b-d03c-476c-a8e0-01d2546fc894,56d4d948-7aa3-4bed-9860-f92420c4eea4,a63e6333-b3b8-4487-b3ae-7c8c5e3092e8,00c19c25-bd0d-4355-8d84-e465f3f3eadd,36738a0a-1d85-4d0f-ae36-38460236544c,3468b991-7a90-4f81-9139-f4585d649e6a,34bddec3-99c6-401a-aa68-52b51c78ea24,24af0746-d902-450e-b0b5-98ab28db8c2d
48eb9d73-6105-47cd-a5c3-e147973cac19,7d117aee-e1e8-463c-a583-ad811c707c42,d161b08e-d409-40ff-aa8b-a11572ad8585,851f0002-03f6-4e95-9e5f-e698aa481831,499d151a-e21e-4bc8-a7c9-6e3fbf567bd0,27a3448a-5084-478b-a86b-2fce484b8a0f,950b2de7-d1e4-4505-aa96-902be43655ba,8c34a1a3-98eb-4ce0-952a-af6492891d09,5fba5c36-eb01-49b5-8048-4de95bd603a3,e389a632-6776-48fb-8ee9-22bb65e3d2cd,ee127828-041a-483e-836b-662b26b9cadb
50a90be3-e820-402c-a93c-ed042c0a6516,c737aa4a-2ca7-46ed-83b5-4d7a2492a7c2,bce71e19-9e33-4326-b8fe-3ad3b6be22f0,389db991-dbc7-4e80-a72d-97b4368db1fe,d53a8da2-c7da-40cf-b3f3-0f143d798b38,77615a62-9974-4c81-8dbc-5cb7502b8551,e389a632-6776-48fb-8ee9-22bb65e3d2cd,5fba5c36-eb01-49b5-8048-4de95bd603a3,fe1fe4e8-5473-455e-8806-cfb9f1ddab07,ee127828-041a-483e-836b-662b26b9cadb,2ef81bbd-3ea1-4893-b937-0fdf94d60756
5927545e-cab6-4dc2-955f-7d630de61101,811f0600-5fde-40ee-a6de-316bae296eef,34bddec3-99c6-401a-aa68-52b51c78ea24,812a6cfd-d323-449c-85d5-d6a6c3af5068,5fba5c36-eb01-49b5-8048-4de95bd603a3,5c03f3f9-53c2-4455-b538-251e4c9a86ae,5b1670ab-243f-4cc8-b3cd-45b794d3df87,24a79746-db66-4c30-a6f7-e09cf0b1d7cd,3468b991-7a90-4f81-9139-f4585d649e6a,3b83bf74-6f50-4d36-b679-f2ce1192a2eb,ceb07d7a-1e7e-4078-a4cc-fbfe2712459c
66c72657-bf0c-4c1f-8267-f31c6921d7cf,e389a632-6776-48fb-8ee9-22bb65e3d2cd,ee127828-041a-483e-836b-662b26b9cadb,28a550a8-cbca-45e8-ab9e-9ca5a0fe1385,5b1670ab-243f-4cc8-b3cd-45b794d3df87,5c03f3f9-53c2-4455-b538-251e4c9a86ae,fe1fe4e8-5473-455e-8806-cfb9f1ddab07,90eaa4df-1e72-4daa-902a-cce80f43afbe,c737aa4a-2ca7-46ed-83b5-4d7a2492a7c2,bce71e19-9e33-4326-b8fe-3ad3b6be22f0,7d117aee-e1e8-463c-a583-ad811c707c42
5ba24c07-69e0-403b-8165-707ecfcfe298,779a995c-a7fa-4b63-8a81-9fe7206ee708,77615a62-9974-4c81-8dbc-5cb7502b8551,ee127828-041a-483e-836b-662b26b9cadb,950b2de7-d1e4-4505-aa96-902be43655ba,e389a632-6776-48fb-8ee9-22bb65e3d2cd,8d83922f-367a-454b-94ef-a095a0371f8c,a63e6333-b3b8-4487-b3ae-7c8c5e3092e8,4b2b152b-dcd6-4048-9855-a64a3dff57a4,28a550a8-cbca-45e8-ab9e-9ca5a0fe1385,2ef81bbd-3ea1-4893-b937-0fdf94d60756
671e07d3-dc32-4ca5-9028-3d285d3a345d,d53a8da2-c7da-40cf-b3f3-0f143d798b38,389db991-dbc7-4e80-a72d-97b4368db1fe,c737aa4a-2ca7-46ed-83b5-4d7a2492a7c2,bce71e19-9e33-4326-b8fe-3ad3b6be22f0,4cf41c29-3985-4b1c-aefe-b53a4356ceda,e389a632-6776-48fb-8ee9-22bb65e3d2cd,950b2de7-d1e4-4505-aa96-902be43655ba,4b2b152b-dcd6-4048-9855-a64a3dff57a4,a06b89bb-b603-4ac5-9aa6-d9ebddc856f2,bc2f1dd9-7f6f-48e3-9112-b9f805232465
69415c48-f7b8-43fa-891e-076ea36d89be,15853300-5031-46dd-b161-ef3c908f68b7,499d151a-e21e-4bc8-a7c9-6e3fbf567bd0,851f0002-03f6-4e95-9e5f-e698aa481831,34bddec3-99c6-401a-aa68-52b51c78ea24,5fba5c36-eb01-49b5-8048-4de95bd603a3,812a6cfd-d323-449c-85d5-d6a6c3af5068,7d117aee-e1e8-463c-a583-ad811c707c42,8c34a1a3-98eb-4ce0-952a-af6492891d09,3b83bf74-6f50-4d36-b679-f2ce1192a2eb,5b1670ab-243f-4cc8-b3cd-45b794d3df87
69d0546d-a03b-4c82-a516-3bb1b76c0c6b,5c03f3f9-53c2-4455-b538-251e4c9a86ae,5b1670ab-243f-4cc8-b3cd-45b794d3df87,812a6cfd-d323-449c-85d5-d6a6c3af5068,34bddec3-99c6-401a-aa68-52b51c78ea24,811f0600-5fde-40ee-a6de-316bae296eef,38691e1c-165f-4be6-949d-458c97911a66,28a550a8-cbca-45e8-ab9e-9ca5a0fe1385,9be2e818-3654-4047-891c-9951deb4433d,27c0c74b-d03c-476c-a8e0-01d2546fc894,3b83bf74-6f50-4d36-b679-f2ce1192a2eb
6d470069-00a8-4bc6-90ac-1b197b47d538,56d4d948-7aa3-4bed-9860-f92420c4eea4,3b1e8df1-735a-478b-8fbb-344dc3caebdd,94e953b8-4c64-4475-accb-335b1a120e48,27c0c74b-d03c-476c-a8e0-01d2546fc894,ec366e16-681d-4621-ac33-56536ce237a1,00c19c25-bd0d-4355-8d84-e465f3f3eadd,ad8d3a6f-729d-40f7-879c-36409fcbcbbd,ceb07d7a-1e7e-4078-a4cc-fbfe2712459c,24af0746-d902-450e-b0b5-98ab28db8c2d,a63e6333-b3b8-4487-b3ae-7c8c5e3092e8
79b8ae2c-1feb-45fa-8889-2d2e41a59629,5b1670ab-243f-4cc8-b3cd-45b794d3df87,5c03f3f9-53c2-4455-b538-251e4c9a86ae,34bddec3-99c6-401a-aa68-52b51c78ea24,812a6cfd-d323-449c-85d5-d6a6c3af5068,3468b991-7a90-4f81-9139-f4585d649e6a,24a79746-db66-4c30-a6f7-e09cf0b1d7cd,e389a632-6776-48fb-8ee9-22bb65e3d2cd,d161b08e-d409-40ff-aa8b-a11572ad8585,3b83bf74-6f50-4d36-b679-f2ce1192a2eb,811f0600-5fde-40ee-a6de-316bae296eef
7b6a80cd-f4e4-422e-a0b1-d768e40a18e3,4cf41c29-3985-4b1c-aefe-b53a4356ceda,ceb07d7a-1e7e-4078-a4cc-fbfe2712459c,ec366e16-681d-4621-ac33-56536ce237a1,a63e6333-b3b8-4487-b3ae-7c8c5e3092e8,3b1e8df1-735a-478b-8fbb-344dc3caebdd,00c19c25-bd0d-4355-8d84-e465f3f3eadd,94e953b8-4c64-4475-accb-335b1a120e48,a06b89bb-b603-4ac5-9aa6-d9ebddc856f2,ad8d3a6f-729d-40f7-879c-36409fcbcbbd,24af0746-d902-450e-b0b5-98ab28db8c2d
88de78fc-40de-4d48-b2a3-00e9998be763,00c19c25-bd0d-4355-8d84-e465f3f3eadd,ad8d3a6f-729d-40f7-879c-36409fcbcbbd,a06b89bb-b603-4ac5-9aa6-d9ebddc856f2,ec366e16-681d-4621-ac33-56536ce237a1,ceb07d7a-1e7e-4078-a4cc-fbfe2712459c,4cf41c29-3985-4b1c-aefe-b53a4356ceda,24af0746-d902-450e-b0b5-98ab28db8c2d,94e953b8-4c64-4475-accb-335b1a120e48,27c0c74b-d03c-476c-a8e0-01d2546fc894,8c34a1a3-98eb-4ce0-952a-af6492891d09
a4462a6d-5ad2-46bd-b71c-df3e0a47d21d,ee127828-041a-483e-836b-662b26b9cadb,27a3448a-5084-478b-a86b-2fce484b8a0f,ec366e16-681d-4621-ac33-56536ce237a1,8c34a1a3-98eb-4ce0-952a-af6492891d09,ad8d3a6f-729d-40f7-879c-36409fcbcbbd,00c19c25-bd0d-4355-8d84-e465f3f3eadd,fe1fe4e8-5473-455e-8806-cfb9f1ddab07,36738a0a-1d85-4d0f-ae36-38460236544c,9be2e818-3654-4047-891c-9951deb4433d,779a995c-a7fa-4b63-8a81-9fe7206ee708
92d57c90-8e5a-490f-93c4-be0b4c36b9a1,4b2b152b-dcd6-4048-9855-a64a3dff57a4,4130a8c3-89cd-4bdf-8abb-4082823fc69d,a63e6333-b3b8-4487-b3ae-7c8c5e3092e8,bc2f1dd9-7f6f-48e3-9112-b9f805232465,96804549-307a-4854-a04a-18fecc4379fb,8d83922f-367a-454b-94ef-a095a0371f8c,d67dde41-65ec-4cfa-9921-89522f0a253c,ec366e16-681d-4621-ac33-56536ce237a1,a06b89bb-b603-4ac5-9aa6-d9ebddc856f2,24af0746-d902-450e-b0b5-98ab28db8c2d
a771a9ad-4ddb-43e7-9204-8cdc6550e307,389db991-dbc7-4e80-a72d-97b4368db1fe,c737aa4a-2ca7-46ed-83b5-4d7a2492a7c2,bce71e19-9e33-4326-b8fe-3ad3b6be22f0,d53a8da2-c7da-40cf-b3f3-0f143d798b38,e389a632-6776-48fb-8ee9-22bb65e3d2cd,77615a62-9974-4c81-8dbc-5cb7502b8551,fe1fe4e8-5473-455e-8806-cfb9f1ddab07,ee127828-041a-483e-836b-662b26b9cadb,950b2de7-d1e4-4505-aa96-902be43655ba,ec366e16-681d-4621-ac33-56536ce237a1
ac0c5a90-7c09-47dd-9854-840c98d08a45,d67dde41-65ec-4cfa-9921-89522f0a253c,96804549-307a-4854-a04a-18fecc4379fb,a63e6333-b3b8-4487-b3ae-7c8c5e3092e8,bc2f1dd9-7f6f-48e3-9112-b9f805232465,ad8d3a6f-729d-40f7-879c-36409fcbcbbd,ec366e16-681d-4621-ac33-56536ce237a1,27a3448a-5084-478b-a86b-2fce484b8a0f,00c19c25-bd0d-4355-8d84-e465f3f3eadd,8d83922f-367a-454b-94ef-a095a0371f8c,ee127828-041a-483e-836b-662b26b9cadb
ac2b055b-ed74-4f7a-b952-72b35d410793,94e953b8-4c64-4475-accb-335b1a120e48,27c0c74b-d03c-476c-a8e0-01d2546fc894,3b1e8df1-735a-478b-8fbb-344dc3caebdd,56d4d948-7aa3-4bed-9860-f92420c4eea4,a63e6333-b3b8-4487-b3ae-7c8c5e3092e8,36738a0a-1d85-4d0f-ae36-38460236544c,ceb07d7a-1e7e-4078-a4cc-fbfe2712459c,ad8d3a6f-729d-40f7-879c-36409fcbcbbd,00c19c25-bd0d-4355-8d84-e465f3f3eadd,24af0746-d902-450e-b0b5-98ab28db8c2d
b2b6839c-5220-4e8a-a393-7e527dd2e9b0,3b1e8df1-735a-478b-8fbb-344dc3caebdd,94e953b8-4c64-4475-accb-335b1a120e48,27c0c74b-d03c-476c-a8e0-01d2546fc894,56d4d948-7aa3-4bed-9860-f92420c4eea4,ad8d3a6f-729d-40f7-879c-36409fcbcbbd,a06b89bb-b603-4ac5-9aa6-d9ebddc856f2,00c19c25-bd0d-4355-8d84-e465f3f3eadd,ceb07d7a-1e7e-4078-a4cc-fbfe2712459c,4cf41c29-3985-4b1c-aefe-b53a4356ceda,8c34a1a3-98eb-4ce0-952a-af6492891d09
ae693328-25d0-4aaf-b10a-6496a80718c9,812a6cfd-d323-449c-85d5-d6a6c3af5068,811f0600-5fde-40ee-a6de-316bae296eef,34bddec3-99c6-401a-aa68-52b51c78ea24,5fba5c36-eb01-49b5-8048-4de95bd603a3,5b1670ab-243f-4cc8-b3cd-45b794d3df87,5c03f3f9-53c2-4455-b538-251e4c9a86ae,3468b991-7a90-4f81-9139-f4585d649e6a,24a79746-db66-4c30-a6f7-e09cf0b1d7cd,15853300-5031-46dd-b161-ef3c908f68b7,28a550a8-cbca-45e8-ab9e-9ca5a0fe1385
b4f18865-a68c-4109-902f-31424c983a7d,27a3448a-5084-478b-a86b-2fce484b8a0f,ee127828-041a-483e-836b-662b26b9cadb,fe1fe4e8-5473-455e-8806-cfb9f1ddab07,a63e6333-b3b8-4487-b3ae-7c8c5e3092e8,7d117aee-e1e8-463c-a583-ad811c707c42,d161b08e-d409-40ff-aa8b-a11572ad8585,96804549-307a-4854-a04a-18fecc4379fb,950b2de7-d1e4-4505-aa96-902be43655ba,5b1670ab-243f-4cc8-b3cd-45b794d3df87,5c03f3f9-53c2-4455-b538-251e4c9a86ae
b8a282de-5b57-4931-aa78-0ab7b2254fe0,2ef81bbd-3ea1-4893-b937-0fdf94d60756,3468b991-7a90-4f81-9139-f4585d649e6a,5fba5c36-eb01-49b5-8048-4de95bd603a3,34bddec3-99c6-401a-aa68-52b51c78ea24,811f0600-5fde-40ee-a6de-316bae296eef,15853300-5031-46dd-b161-ef3c908f68b7,9be2e818-3654-4047-891c-9951deb4433d,5b1670ab-243f-4cc8-b3cd-45b794d3df87,5c03f3f9-53c2-4455-b538-251e4c9a86ae,812a6cfd-d323-449c-85d5-d6a6c3af5068
bc9f562b-9b1b-4f9b-bbe0-9c6360066035,9be2e818-3654-4047-891c-9951deb4433d,ee127828-041a-483e-836b-662b26b9cadb,fe1fe4e8-5473-455e-8806-cfb9f1ddab07,950b2de7-d1e4-4505-aa96-902be43655ba,27a3448a-5084-478b-a86b-2fce484b8a0f,ec366e16-681d-4621-ac33-56536ce237a1,2ef81bbd-3ea1-4893-b937-0fdf94d60756,28a550a8-cbca-45e8-ab9e-9ca5a0fe1385,5b1670ab-243f-4cc8-b3cd-45b794d3df87,5c03f3f9-53c2-4455-b538-251e4c9a86ae
be651080-8698-4f1e-b828-de7b921d9634,811f0600-5fde-40ee-a6de-316bae296eef,3468b991-7a90-4f81-9139-f4585d649e6a,34bddec3-99c6-401a-aa68-52b51c78ea24,90eaa4df-1e72-4daa-902a-cce80f43afbe,5b1670ab-243f-4cc8-b3cd-45b794d3df87,5c03f3f9-53c2-4455-b538-251e4c9a86ae,812a6cfd-d323-449c-85d5-d6a6c3af5068,28a550a8-cbca-45e8-ab9e-9ca5a0fe1385,24a79746-db66-4c30-a6f7-e09cf0b1d7cd,5fba5c36-eb01-49b5-8048-4de95bd603a3
c487f433-4414-4966-a275-6dfade36d2f0,bce71e19-9e33-4326-b8fe-3ad3b6be22f0,c737aa4a-2ca7-46ed-83b5-4d7a2492a7c2,d53a8da2-c7da-40cf-b3f3-0f143d798b38,389db991-dbc7-4e80-a72d-97b4368db1fe,77615a62-9974-4c81-8dbc-5cb7502b8551,e389a632-6776-48fb-8ee9-22bb65e3d2cd,ee127828-041a-483e-836b-662b26b9cadb,950b2de7-d1e4-4505-aa96-902be43655ba,ec366e16-681d-4621-ac33-56536ce237a1,8d83922f-367a-454b-94ef-a095a0371f8c
cd8f4608-6554-4345-a5a3-e43c16779524,ad8d3a6f-729d-40f7-879c-36409fcbcbbd,00c19c25-bd0d-4355-8d84-e465f3f3eadd,ec366e16-681d-4621-ac33-56536ce237a1,ceb07d7a-1e7e-4078-a4cc-fbfe2712459c,94e953b8-4c64-4475-accb-335b1a120e48,3b1e8df1-735a-478b-8fbb-344dc3caebdd,a06b89bb-b603-4ac5-9aa6-d9ebddc856f2,a63e6333-b3b8-4487-b3ae-7c8c5e3092e8,24af0746-d902-450e-b0b5-98ab28db8c2d,27c0c74b-d03c-476c-a8e0-01d2546fc894
d8ebcd50-475b-43c0-9c5e-d5d84bb9d31a,7d117aee-e1e8-463c-a583-ad811c707c42,d161b08e-d409-40ff-aa8b-a11572ad8585,499d151a-e21e-4bc8-a7c9-6e3fbf567bd0,851f0002-03f6-4e95-9e5f-e698aa481831,27a3448a-5084-478b-a86b-2fce484b8a0f,5fba5c36-eb01-49b5-8048-4de95bd603a3,e389a632-6776-48fb-8ee9-22bb65e3d2cd,8c34a1a3-98eb-4ce0-952a-af6492891d09,77615a62-9974-4c81-8dbc-5cb7502b8551,950b2de7-d1e4-4505-aa96-902be43655ba
c767eac3-25f0-4543-a2ab-79a81a0c2921,4130a8c3-89cd-4bdf-8abb-4082823fc69d,4b2b152b-dcd6-4048-9855-a64a3dff57a4,96804549-307a-4854-a04a-18fecc4379fb,8d83922f-367a-454b-94ef-a095a0371f8c,24af0746-d902-450e-b0b5-98ab28db8c2d,ceb07d7a-1e7e-4078-a4cc-fbfe2712459c,ec366e16-681d-4621-ac33-56536ce237a1,3468b991-7a90-4f81-9139-f4585d649e6a,8c34a1a3-98eb-4ce0-952a-af6492891d09,56d4d948-7aa3-4bed-9860-f92420c4eea4
d3e983b6-6b05-44b7-bc9c-97b3ee4e0e1b,38691e1c-165f-4be6-949d-458c97911a66,a63e6333-b3b8-4487-b3ae-7c8c5e3092e8,8d83922f-367a-454b-94ef-a095a0371f8c,4130a8c3-89cd-4bdf-8abb-4082823fc69d,96804549-307a-4854-a04a-18fecc4379fb,24af0746-d902-450e-b0b5-98ab28db8c2d,d67dde41-65ec-4cfa-9921-89522f0a253c,4b2b152b-dcd6-4048-9855-a64a3dff57a4,ceb07d7a-1e7e-4078-a4cc-fbfe2712459c,ec366e16-681d-4621-ac33-56536ce237a1
da9c09d2-ca4a-4be2-bfd9-115e3ab4edd3,8d83922f-367a-454b-94ef-a095a0371f8c,38691e1c-165f-4be6-949d-458c97911a66,4130a8c3-89cd-4bdf-8abb-4082823fc69d,a63e6333-b3b8-4487-b3ae-7c8c5e3092e8,4b2b152b-dcd6-4048-9855-a64a3dff57a4,96804549-307a-4854-a04a-18fecc4379fb,d67dde41-65ec-4cfa-9921-89522f0a253c,24af0746-d902-450e-b0b5-98ab28db8c2d,3468b991-7a90-4f81-9139-f4585d649e6a,ceb07d7a-1e7e-4078-a4cc-fbfe2712459c
df57b527-4f5b-4be2-b443-ae85d8e23ef8,5c03f3f9-53c2-4455-b538-251e4c9a86ae,5b1670ab-243f-4cc8-b3cd-45b794d3df87,812a6cfd-d323-449c-85d5-d6a6c3af5068,34bddec3-99c6-401a-aa68-52b51c78ea24,811f0600-5fde-40ee-a6de-316bae296eef,4cf41c29-3985-4b1c-aefe-b53a4356ceda,38691e1c-165f-4be6-949d-458c97911a66,28a550a8-cbca-45e8-ab9e-9ca5a0fe1385,3b83bf74-6f50-4d36-b679-f2ce1192a2eb,9be2e818-3654-4047-891c-9951deb4433d
fd383f3f-5c38-4d6e-943d-00359feeff23,15853300-5031-46dd-b161-ef3c908f68b7,499d151a-e21e-4bc8-a7c9-6e3fbf567bd0,851f0002-03f6-4e95-9e5f-e698aa481831,5fba5c36-eb01-49b5-8048-4de95bd603a3,812a6cfd-d323-449c-85d5-d6a6c3af5068,3b83bf74-6f50-4d36-b679-f2ce1192a2eb,fe1fe4e8-5473-455e-8806-cfb9f1ddab07,7d117aee-e1e8-463c-a583-ad811c707c42,d161b08e-d409-40ff-aa8b-a11572ad8585,2ef81bbd-3ea1-4893-b937-0fdf94d60756
f4401afb-1e26-4362-b695-326f0f946e5c,90eaa4df-1e72-4daa-902a-cce80f43afbe,24a79746-db66-4c30-a6f7-e09cf0b1d7cd,3468b991-7a90-4f81-9139-f4585d649e6a,811f0600-5fde-40ee-a6de-316bae296eef,34bddec3-99c6-401a-aa68-52b51c78ea24,36738a0a-1d85-4d0f-ae36-38460236544c,8c34a1a3-98eb-4ce0-952a-af6492891d09,5b1670ab-243f-4cc8-b3cd-45b794d3df87,2ef81bbd-3ea1-4893-b937-0fdf94d60756,28a550a8-cbca-45e8-ab9e-9ca5a0fe1385
